id,fullName,email,created_at,phoneNumber,DoB
9490926c-a557-4adb-bd43-80860b881973,Amber Cummings,shelbyadams@example.net,2022-03-30 05:37:15,2381019122,1970-06-02
fc1c4e22-33f5-4743-a5e6-4045f21b0f97,Matthew Moore,cassidy45@example.com,2022-06-10 23:33:39,7390514178,2000-02-01
cd15c06c-58ae-4e5a-96e1-a92c3b93931e,Deanna Garner,bdavis@example.net,2022-06-04 13:13:49,7919327287,1975-08-25
020fae55-7c92-4625-b73c-2106173b6759,Janet Espinoza,jeffreyjuarez@example.org,2022-03-10 13:03:26,8796728349,1958-05-17
49aaa50e-9d6a-4e21-9c02-8f9ec5e08d4b,Darren Holmes,williamsdavid@example.net,2021-03-22 17:22:27,8278305477,1992-07-10
4b8719eb-b9ca-441a-aa11-05ac47cb597f,Thomas Burton,tinacunningham@example.com,2020-01-13 12:23:25,6485196131,1982-06-29
f9a03215-4ea4-48e5-b43e-a03d08f3e7fc,Isaac Byrd,kristaharrison@example.com,2022-05-30 19:04:10,7010528217,1995-12-12
cb0ee7e8-36e5-4316-ae15-6771aa8a3fa2,Lucas Smith,jose41@example.com,2023-06-18 09:38:42,2389696208,1964-07-13
c6304379-49e4-4859-962c-01c21743d801,Leah Dean,austin13@example.org,2021-12-06 13:42:29,8853230313,1960-10-24
30f8cc7a-5a58-49d2-ba43-de7adc75f870,Samuel Green,ipetersen@example.com,2023-12-17 18:47:37,1868332409,1966-01-23
6f7c21d9-decf-4819-9d45-63cf6fafedf9,Walter Turner,daviesjason@example.org,2020-01-26 16:38:57,7728886694,1995-08-18
07ba9783-8049-47f4-baa0-bc4fe37c9719,Kayla Salinas,tcole@example.com,2022-09-21 06:43:54,3899758432,1975-05-02
cfffccc8-4ce3-44c1-8f8e-c14cf4bd9d6a,Briana Williams,richardmeyer@example.org,2021-01-02 05:35:20,5487978081,1973-06-20
7e09d56c-3807-4085-bec1-4380703ae751,Michael Ortiz,fcampbell@example.com,2020-12-06 23:51:52,5450402971,2004-11-29
687157f3-6d55-4e1e-9dad-8ec884e4c24e,Johnny Smith,blackburnstephanie@example.org,2023-01-19 11:07:45,2215608559,1996-05-12
69eedaca-5882-43e8-83f5-b4d6b1fb7366,Jennifer Kerr,idixon@example.org,2022-01-01 15:18:17,8429648774,1999-12-10
69eebfd2-45bb-4833-9034-45c8023671b3,Scott Bradshaw,qdavis@example.com,2021-05-19 07:33:30,3037743507,1982-11-12
ae37f9ed-ddd6-4a19-ad8c-c25b9f86dd5a,Amanda Cortez,destinysmith@example.org,2020-06-28 11:12:27,7890167859,1974-02-27
13005146-1d2c-404e-a4a4-c1c13973922f,Julia Conley,cliffordjohnson@example.com,2020-11-01 22:30:44,2171816445,1973-12-24
0d71e0ac-0b3d-4775-ad09-355d188eb40f,Linda Browning,williamsrobert@example.net,2020-02-05 16:44:36,5116147325,1957-01-01
7189be70-c997-46a4-a7eb-867536c6c144,David Adams,whernandez@example.net,2024-06-18 11:28:42,5439380184,1975-07-12
90f966da-36f7-4d5c-be0b-5e5feba5fab8,Dana Douglas,wallacelori@example.com,2021-09-20 21:34:18,8426945504,1997-11-08
c7805e7d-f5be-49ae-9763-897c71fc9688,Christopher Stewart,jeffreythomas@example.com,2022-05-29 02:41:55,8392349093,1979-11-06
88d03128-2e9c-4278-84b2-45db49710548,Lisa Collins,brodriguez@example.org,2021-10-30 10:52:39,2022399791,1999-06-16
fec2b6a9-bba2-4d44-a800-d09974d38857,John Allen,qdiaz@example.com,2024-01-09 16:43:29,4558228861,1961-07-23
3c340a30-d254-48f3-b095-703f1924c8dd,Madison Lopez MD,sarah87@example.net,2023-02-12 01:59:47,9707966753,1981-03-22
391221da-9981-4276-803d-dc79eba55c0e,Carrie Clark,zjones@example.org,2023-05-06 14:27:13,7497572270,1962-03-05
03be72d8-c4aa-4ea8-baee-5985059bf541,Danielle Fernandez,amanda76@example.net,2024-06-20 12:39:17,6642492066,1996-01-04
989828e4-422f-4395-9cd2-e2f9145264ab,Ralph Hunter,longjoshua@example.org,2023-11-27 18:56:58,8632701086,2004-12-14
6fc50d3e-62be-44ad-a8b4-b6505e0f9b1d,Bradley Barnes,zlewis@example.org,2024-02-27 03:14:50,6969446958,1991-01-06
6ec917c3-de27-47ee-851b-b014ca474e56,Anthony Garcia,georgepatricia@example.org,2023-03-02 14:38:23,6550240561,1960-07-28
88c0d77e-626f-4534-8bfd-8d66ca81c75f,Emily Hurley,charlesatkinson@example.org,2024-04-28 06:00:40,2276880162,1956-11-26
aeb51fbc-eb33-40d8-9403-ba590cfea8a9,Amy Summers,manuelbernard@example.net,2024-02-06 18:55:53,3583885231,1964-08-18
62c915ba-5071-46d7-97a5-99c3fd805f93,Theodore Simpson,sanderscaleb@example.com,2023-11-02 20:11:22,9301375892,1967-12-12
5519888f-70fe-46fc-b6e4-f2bf7cf78fb6,Sandra Wilson,timothy16@example.net,2023-06-21 06:23:25,4894903913,1953-08-27
71fe8ebe-5894-4c38-9c8c-c69d9c8667cd,Allen Perez,roger26@example.net,2022-03-25 10:57:50,3720314604,2003-10-01
1ceb5b07-0432-4930-91bd-33ac28e93e24,Robert Barnett,frank07@example.net,2022-01-19 09:18:14,6871193208,1964-05-25
1597d3e0-e7b7-490f-b937-53fa11e02615,James Norton,sarahwhite@example.com,2022-11-06 22:59:05,7375065144,1981-09-01
c9d4963d-c354-402a-a4a3-a9bfe67858e1,Natasha Perez,johnsonwilliam@example.net,2023-05-19 11:17:01,7991587977,1974-09-17
fbcaef92-d351-41ce-a9ae-99bb36a74796,Pamela Mcmahon,edward23@example.com,2023-08-04 06:47:35,2087087896,1980-10-07
637b95b2-bc50-4ff5-bbf8-7892fec09c64,Harry Goodman,robinsonscott@example.org,2022-03-20 05:31:47,2649512688,1983-05-15
2113498e-3af7-4d85-a763-17c880600d1e,Joshua Hancock,scott33@example.com,2021-09-19 08:20:48,2749146136,1955-06-03
9b2a9ff9-01c7-4c98-b005-cdc492b0c2de,Scott Obrien,sarahray@example.com,2021-11-30 12:11:34,5641196212,1953-11-28
8324ed8e-ad5c-4d1b-9623-11a6d7150f44,Sarah Riley,sarah11@example.org,2021-06-29 12:29:00,4154838330,1967-09-19
338a484c-21eb-4672-a12a-0db1afb1dbad,Latoya Marshall,proach@example.com,2022-12-01 22:13:36,9865555703,1996-11-07
a0206d05-3d8d-4d2c-97d1-aaee53880488,Thomas Riley,kristinsmith@example.com,2021-08-14 23:01:43,1065210175,2005-05-06
b50b4036-0d9a-4a9c-a49f-d2841c59769c,Catherine Keller,kimberlycarrillo@example.net,2022-09-07 19:50:37,7197937230,1966-12-15
57fe2f59-355e-4371-b655-c507c7cdf56f,Lisa Thompson,candacemartin@example.com,2021-12-28 15:57:45,4547751551,1986-01-05
965e7568-7c85-4161-b890-f9959a8b3da3,Cynthia Henderson,ptodd@example.org,2020-12-31 07:21:20,1684411493,1964-01-19
ea4c64cb-33e9-43b8-9b9e-3965a9e7e468,Billy Glass,yrodriguez@example.net,2022-11-24 06:46:47,3674208620,1998-04-03
8449bdc1-6246-4500-a82e-65660a1300d4,Thomas Preston,craig64@example.net,2023-11-20 09:07:01,1137221740,1955-11-26
a1b3fb0d-0344-43de-a682-e05398d3bdcc,Karen Wood,tracyibarra@example.org,2023-12-07 18:45:14,8169077330,1998-12-10
95418375-016e-400b-8cbd-b26c38dbcc17,Joseph Williams,gsanders@example.net,2021-12-02 11:49:53,7100635078,1993-06-25
76dbb63c-b7ee-4c54-9e00-29c423c68efa,David Nguyen,uwhite@example.net,2021-03-25 03:52:24,5504141626,1988-02-12
6dfa57fb-ceef-4e26-a69f-f937ab50f231,Sydney Gordon,floresedward@example.org,2024-01-29 01:47:59,2742665419,1956-02-27
9b3c69b2-8b66-49a6-a42f-2645503ac12d,Jason Chan,bowmanwalter@example.com,2022-07-18 19:47:50,7419935812,1956-12-22
35b924e2-7594-4e22-a298-f109903b01c1,John Baker,thompsonshane@example.net,2021-09-05 05:30:51,5570612532,1965-02-08
e545b04e-0050-4e5f-82bf-0ec498492159,John Bell,michaelgarcia@example.net,2023-02-19 22:54:03,8888189849,1968-07-27
28d9996f-11f4-4ecb-b2cf-2f7bd3efc620,Charles Hernandez,vincentporter@example.net,2022-11-03 05:31:19,2806972999,1977-08-28
4a7ddf00-f796-4a2e-a231-726da1823c64,Margaret Bradley,taylorjoel@example.net,2022-07-29 09:28:47,1589857615,1983-09-16
80e5a1b4-4010-4ca5-ad6b-fc6502204ec1,Leslie Schmidt,colemanchristopher@example.com,2021-09-29 01:03:48,6987598824,1990-05-13
29303758-67ad-4cf3-ae02-b8a3de1956ac,Kaitlin Moreno,jonathanpark@example.com,2020-01-31 02:34:42,9435375490,1998-08-25
1ca3ec6f-0a8c-4a3a-98b9-d5a8773c8925,Angela Flores,rojastracy@example.net,2023-09-12 09:10:09,1555993271,1960-03-03
a5337fdc-28f2-46cf-bbe1-3e7daa7d60e0,Jackie Myers,bethlittle@example.net,2021-04-13 07:42:01,6056496299,1973-07-19
552f99d3-a0b4-4c0a-b3cc-3469606d9e42,Robert Figueroa,patricia50@example.net,2023-02-01 12:56:42,7302624962,1994-09-10
5cf63be9-57a4-42ba-bc2b-fa7a6946a436,Johnny Nichols,aluna@example.net,2022-07-23 09:33:09,1535355542,1972-10-11
d6043606-85b7-4ce9-8e9a-db3901c1283b,Kevin Daniel,robin05@example.com,2022-11-15 00:55:15,3288749666,1962-11-18
e91fb1aa-4772-45f1-af18-f4b0f99268de,William Lopez,robbinschristopher@example.com,2023-01-15 01:43:39,5646798994,1979-04-04
51c87837-a085-406c-8626-8eaca0036cc9,Maria Johnson,tammy10@example.org,2024-01-09 17:35:25,1788881104,1980-12-06
115f6907-77a2-4eb2-87a5-cd60e8d170cf,Jennifer Schmidt,hbutler@example.net,2022-11-03 08:07:59,8626068282,1979-04-01
84f018f9-5023-4544-938f-fc0846ceca34,Dawn Mcdaniel,tadams@example.org,2022-04-30 20:41:21,2130345333,1964-08-31
f37aec17-b62d-4633-b23f-e44e96356272,Jennifer Bonilla,kristinking@example.org,2024-01-15 16:52:24,2045230135,1983-07-30
9e7bcc11-a88a-4355-be35-8a38a45cda36,Joshua Quinn,leehernandez@example.com,2020-03-24 12:20:42,3634138482,1985-02-18
234e1da5-8148-406b-a251-3ea5d0298db7,Jerry Hancock,becklori@example.com,2022-05-29 15:42:32,8718534804,1958-08-23
3242cfa2-ae29-4dcb-b6ad-d41e2b3e27e6,Anna Gill,timothymoore@example.org,2023-10-07 15:14:43,9686323802,1987-11-24
53af09d1-a0e5-4496-8f09-880bba87948f,Patricia Mayo,hernandezshane@example.com,2020-10-23 13:11:58,9544195457,1981-08-22
83ff81f7-642e-4f5e-8f03-a9844ccc6072,Amy Gonzales,brandibrewer@example.com,2023-07-03 17:00:37,5884271096,1954-06-05
ade7521b-608a-4bee-9852-da7f802b4f66,Elizabeth Johnson,holly90@example.org,2020-06-25 17:38:04,5568111965,1990-03-27
dbd41f03-851f-43e4-ab00-024e7c66cda5,Gloria Fletcher,sarah36@example.org,2023-03-25 02:10:39,8185943997,1990-01-13
3a3e6f93-b74b-4a05-ab08-117e3b48b9c8,Matthew Mcfarland,herreramark@example.org,2023-08-30 12:04:53,5384574285,2005-12-19
d2e059f3-c5b8-4613-805a-1dc18e8ace31,Karen Stewart,nicholascastro@example.net,2024-01-14 01:12:21,5300438202,2006-07-07
38bfbf6c-ce90-4983-aed8-6535682b9499,Sharon Preston,jeffreyjohnson@example.net,2024-07-11 10:27:05,6784149890,2005-07-15
40b78cff-4187-4dff-bfbd-3f0d92f1637d,Tony Rivera,vincenthale@example.org,2020-03-15 10:02:13,8805945064,2000-10-03
5090145d-803e-4c7c-8999-f5ffc3721f03,Nancy Greene,qsmith@example.org,2022-06-02 12:05:19,1142871947,1969-11-29
200b4c99-fd30-4fb5-ba0c-b836639e0c9d,Robert Wagner,fbooth@example.com,2021-09-05 03:51:37,5283052671,1969-10-03
aa96cfda-2d76-4b5c-8f42-38ae7d6d7c47,Lisa Brandt,christopher78@example.org,2023-12-24 20:36:53,6139828524,1975-04-18
4c9daaa3-1475-4e2a-a521-d62299393922,Ashley Kaufman,sbrown@example.org,2022-12-06 04:18:02,1052157141,1964-11-10
39f9e9bc-3ccb-4edd-82d5-70a178008cef,Brittany Riley,cheryl93@example.org,2023-05-18 19:58:52,9269120915,2001-08-17
744c69d3-d31b-408d-be11-8495901e73a8,Christian Carter,joseph45@example.com,2020-09-27 20:33:23,4505997716,1988-04-03
24c3456b-a382-44c1-b126-11c2bd9af514,Jennifer Tucker,megan86@example.com,2023-01-04 00:38:38,7587835183,1970-01-30
946d52bd-3cda-4253-a682-4d11ab1b09b5,Terry Martin,riddleangel@example.org,2020-09-25 20:45:10,5831517740,1996-03-13
b1dff4f7-8b43-4ae6-adc7-cdae8b64436f,Julie Raymond,joseph83@example.net,2023-08-10 09:22:15,6029809383,2003-04-12
155ecd6e-fc70-4fd5-ab21-a894eccc8214,Edwin Carpenter,reyestom@example.com,2020-12-26 16:01:14,9898836816,1985-02-06
cefe3ef5-63cb-4f84-9c43-6653bf07ebf3,James Lawrence,shawnicholas@example.net,2021-05-22 23:27:00,6341905851,1990-06-14
86f5d447-eb94-4d16-946c-d5aba6c6c97e,Mariah Carter,wallacecandace@example.org,2021-03-06 05:19:47,2715527310,1971-02-10
9a61cc6b-bdbb-47ae-9db2-9791ee3408a9,Christopher Johnson,mnavarro@example.org,2020-10-24 20:14:38,9212246625,1958-10-05
b3bdb5b6-5045-4013-8036-a282e1e83328,Richard Bell,ashley90@example.com,2021-03-09 04:57:30,5422330537,1989-01-17
96e88aed-392a-4922-9053-ce7d0a54b238,Roger Kaiser,christian35@example.org,2020-08-14 13:43:09,8763602498,1963-06-29
817e41b2-7eec-4523-99bf-f3e648bcee88,Erika Alvarez,travisgreen@example.net,2023-11-23 02:13:21,2742964185,1963-07-12
b3c40ee9-5278-4690-b1b3-2f22c55f8609,Marcus Skinner,andrewpatterson@example.com,2020-05-03 00:53:15,6100022854,1997-01-21
